{"loss": [0.9934470057487488, 0.999945342540741, 0.999945342540741, 0.999945342540741, 0.999945342540741, 0.999945342540741, 0.999945342540741, 0.999945342540741, 0.999945342540741, 0.999945342540741, 0.999945342540741], "dice_coefficient": [0.006545847747474909, 5.091132697998546e-05, 5.091132697998546e-05, 5.091132697998546e-05, 5.091132697998546e-05, 5.091132697998546e-05, 5.091132697998546e-05, 5.091132697998546e-05, 5.091132697998546e-05, 5.091132697998546e-05, 5.091132697998546e-05], "accuracy": [0.8615407347679138, 0.8820824027061462, 0.8820824027061462, 0.8820824027061462, 0.8820824027061462, 0.8820824027061462, 0.8820824027061462, 0.8820824027061462, 0.8820824027061462, 0.8820824027061462, 0.8820824027061462], "val_loss": [0.9999497532844543, 0.9999497532844543, 0.9999497532844543, 0.9999497532844543, 0.9999497532844543, 0.9999497532844543, 0.9999497532844543, 0.9999497532844543, 0.9999497532844543, 0.9999497532844543, 0.9999497532844543], "val_dice_coefficient": [5.064061770099215e-05, 5.064061770099215e-05, 5.064061770099215e-05, 5.064061770099215e-05, 5.064061770099215e-05, 5.064061770099215e-05, 5.064061770099215e-05, 5.064061770099215e-05, 5.064061770099215e-05, 5.064061770099215e-05, 5.064061770099215e-05], "val_accuracy": [0.8818298578262329, 0.8818298578262329, 0.8818298578262329, 0.8818298578262329, 0.8818298578262329, 0.8818298578262329, 0.8818298578262329, 0.8818298578262329, 0.8818298578262329, 0.8818298578262329, 0.8818298578262329]}