{"loss": [0.004777300171554089, 0.0013755427207797766, 0.001347829238511622, 0.0012368145398795605, 0.0011626483174040914, 0.0011301886988803744, 0.001116611179895699, 0.0011060524266213179, 0.0010966850677505136, 0.0010884825605899096, 0.0010802315082401037, 0.0010802136966958642, 0.0010616063373163342, 0.0010523439850658178, 0.001043769996613264, 0.0010329176438972354, 0.001023382879793644, 0.001006703358143568, 0.000990401254966855, 0.000972942216321826], "categorical_accuracy": [0.11516395211219788, 0.10166998207569122, 0.11485552787780762, 0.14601147174835205, 0.1519753336906433, 0.16706199944019318, 0.17534521222114563, 0.18080267310142517, 0.1670123040676117, 0.13775748014450073, 0.13490013778209686, 0.13011452555656433, 0.1357477307319641, 0.12758959829807281, 0.1271854192018509, 0.14426779747009277, 0.14555901288986206, 0.1501847803592682, 0.14231227338314056, 0.15436387062072754], "accuracy_landmarks": [0.9957289099693298, 0.9981028437614441, 0.998124897480011, 0.9982922673225403, 0.9984207153320312, 0.9984839558601379, 0.9985127449035645, 0.9985340237617493, 0.9985533952713013, 0.9985700249671936, 0.998589277267456, 0.9985989928245544, 0.9986308217048645, 0.9986574053764343, 0.9986758828163147, 0.9987021088600159, 0.9987255334854126, 0.9987601041793823, 0.9987920522689819, 0.9988258481025696], "val_loss": [0.0013843958731740713, 0.001369344536215067, 0.0021729932632297277, 0.0044134692288935184, 0.001150226453319192, 0.00112831755541265, 0.001121331239119172, 0.0011078568641096354, 0.0011078674579039216, 0.0011007795110344887, 0.0011057525407522917, 0.0011119154514744878, 0.0011176116531714797, 0.0011243668850511312, 0.0011504206340759993, 0.0011696305591613054, 0.0011747055687010288, 0.0011935228249058127, 0.0012015554821118712, 0.0011705030919983983], "val_categorical_accuracy": [0.0463140532374382, 0.044824812561273575, 0.04281327500939369, 0.10931123048067093, 0.0811678096652031, 0.06872322410345078, 0.08056365698575974, 0.06515046954154968, 0.04971844702959061, 0.044840916991233826, 0.04428374767303467, 0.038243409246206284, 0.044829364866018295, 0.8089934587478638, 0.8545221090316772, 0.8614922761917114, 0.04739667475223541, 0.04407980293035507, 0.043613750487565994, 0.03873417526483536], "val_accuracy_landmarks": [0.9980971217155457, 0.9981011748313904, 0.9973865747451782, 0.9956713318824768, 0.9983981847763062, 0.9984564185142517, 0.9984670877456665, 0.9984974265098572, 0.9985133409500122, 0.998538076877594, 0.9985278844833374, 0.9985313415527344, 0.9985266923904419, 0.9985530972480774, 0.9985186457633972, 0.9985038042068481, 0.9985301494598389, 0.9985195994377136, 0.998511016368866, 0.9985380172729492]}