{"loss": [73.87396240234375, 71.6490707397461, 70.87440490722656, 70.28502655029297, 69.71754455566406, 69.09870147705078, 68.41248321533203, 67.66128540039062, 66.91561126708984], "accuracy": [0.1482458859682083, 0.09923768788576126, 0.09740445762872696, 0.11577951163053513, 0.12942194938659668, 0.138141468167305, 0.14447501301765442, 0.149516761302948, 0.15736111998558044], "val_loss": [73.89322662353516, 72.25366973876953, 71.499755859375, 71.45295715332031, 71.53106689453125, 71.81040954589844, 72.20458221435547, 72.2607650756836, 73.38855743408203], "val_accuracy": [0.12203489989042282, 0.07317474484443665, 0.07680805027484894, 0.0667683333158493, 0.06289178133010864, 0.08307218551635742, 0.09050179272890091, 0.08751600235700607, 0.07513053715229034]}