{"loss": [0.1731472760438919, 0.10491027683019638, 0.09560450911521912, 0.09242984652519226, 0.09299705922603607, 0.09943907707929611, 0.2651071548461914, 0.983955979347229, 0.9958977699279785, 0.999945342540741, 0.999945342540741, 0.999945342540741, 0.999945342540741, 0.999945342540741], "dice_coefficient": [0.8268057703971863, 0.8950231075286865, 0.9043579697608948, 0.9075249433517456, 0.9069743156433105, 0.9005188941955566, 0.7344995737075806, 0.016146667301654816, 0.004096383694559336, 5.091132697998546e-05, 5.091132697998546e-05, 5.091132697998546e-05, 5.091132697998546e-05, 5.091132697998546e-05], "accuracy": [0.9308269023895264, 0.9515984058380127, 0.953181803226471, 0.9537189602851868, 0.9536231756210327, 0.9525168538093567, 0.9351218938827515, 0.8780285120010376, 0.8807317614555359, 0.8820824027061462, 0.8820824027061462, 0.8820824027061462, 0.8820824027061462, 0.8820824027061462], "val_loss": [0.11415945738554001, 0.09702744334936142, 0.09596028923988342, 0.09381106495857239, 0.10376770794391632, 0.10821560770273209, 0.9912222027778625, 0.7292250990867615, 0.9999497532844543, 0.9999497532844543, 0.9999497532844543, 0.9999497532844543, 0.9999497532844543, 0.9999497532844543], "val_dice_coefficient": [0.8858354687690735, 0.9029659628868103, 0.904037356376648, 0.9061830639839172, 0.8962307572364807, 0.8917781114578247, 0.008794782683253288, 0.27076008915901184, 5.064061770099215e-05, 5.064061770099215e-05, 5.064061770099215e-05, 5.064061770099215e-05, 5.064061770099215e-05, 5.064061770099215e-05], "val_accuracy": [0.9502958059310913, 0.9526206254959106, 0.9531774520874023, 0.9534271955490112, 0.9521043300628662, 0.951615571975708, 0.8822367787361145, 0.4874468445777893, 0.8818298578262329, 0.8818298578262329, 0.8818298578262329, 0.8818298578262329, 0.8818298578262329, 0.8818298578262329]}