{"loss": [0.13956782221794128, 0.6835598945617676, 0.9999454617500305, 0.9999454617500305, 0.9999454617500305, 0.9999454617500305, 0.9999454617500305, 0.9999454617500305, 0.9999454617500305, 0.9999454617500305, 0.9999454617500305], "dice_coefficient": [0.8604313135147095, 0.31626981496810913, 5.0736169214360416e-05, 5.073652937426232e-05, 5.073650390841067e-05, 5.073340798844583e-05, 5.0735332479234785e-05, 5.0736758566927165e-05, 5.0733844545902684e-05, 5.073682405054569e-05, 5.073649299447425e-05], "accuracy": [0.9360308647155762, 0.9054500460624695, 0.88175368309021, 0.8817541599273682, 0.8817541003227234, 0.8817490339279175, 0.8817509412765503, 0.881754457950592, 0.8817481398582458, 0.88175368309021, 0.8817543983459473], "val_loss": [0.1057220995426178, 0.999950110912323, 0.999950110912323, 0.999950110912323, 0.999950110912323, 0.999950110912323, 0.999950110912323, 0.999950110912323, 0.999950110912323, 0.999950110912323, 0.999950110912323], "val_dice_coefficient": [0.8942731022834778, 5.046683145337738e-05, 5.046683145337738e-05, 5.046683145337738e-05, 5.046683145337738e-05, 5.046683145337738e-05, 5.046683145337738e-05, 5.046683145337738e-05, 5.046683145337738e-05, 5.046683145337738e-05, 5.046683145337738e-05], "val_accuracy": [0.9525501728057861, 0.8814994692802429, 0.8814994692802429, 0.8814994692802429, 0.8814994692802429, 0.8814994692802429, 0.8814994692802429, 0.8814994692802429, 0.8814994692802429, 0.8814994692802429, 0.8814994692802429]}