{"loss": [0.0045290603302419186, 0.001357033383101225, 0.0012605531373992562, 0.001158344093710184, 0.0011291534174233675, 0.0011119251139461994, 0.0011020817328244448, 0.0010964255779981613, 0.0010852264240384102, 0.0010764923645183444, 0.0010680415434762836, 0.001057367422617972, 0.0010499750496819615, 0.0010424192296341062, 0.001026919111609459, 0.0010157909709960222, 0.0010039135813713074, 0.000986761529929936, 0.0009742538095451891, 0.0009560688631609082], "mean_squared_error": [0.0045290603302419186, 0.0013570314040407538, 0.0012605540687218308, 0.0011583449086174369, 0.0011291524861007929, 0.0011119246482849121, 0.0011020825477316976, 0.0010964254615828395, 0.0010852259583771229, 0.0010764936450868845, 0.001068041892722249, 0.0010573671897873282, 0.0010499764466658235, 0.0010424189968034625, 0.0010269186459481716, 0.0010157908545807004, 0.0010039141634479165, 0.0009867610642686486, 0.0009742533438839018, 0.0009560693870298564], "accuracy_landmarks": [0.9960880875587463, 0.9981186389923096, 0.9982481002807617, 0.9984244108200073, 0.9984822869300842, 0.9985169768333435, 0.9985402822494507, 0.9985522031784058, 0.9985754489898682, 0.9985960125923157, 0.9986158609390259, 0.9986428618431091, 0.9986587762832642, 0.9986792802810669, 0.9987139701843262, 0.9987397789955139, 0.9987652897834778, 0.9988018870353699, 0.9988267421722412, 0.9988623857498169], "val_loss": [0.0013861003099009395, 0.0013422754127532244, 0.001231578178703785, 0.0011528294999152422, 0.0011341576464474201, 0.0011423786636441946, 0.001168093760497868, 0.0011243135668337345, 0.0011132176732644439, 0.001108749769628048, 0.001112082856707275, 0.001124400063417852, 0.0011251901742070913, 0.0011302493512630463, 0.001135504338890314, 0.0011428603902459145, 0.0011591038201004267, 0.0011607453925535083, 0.0011578283738344908, 0.0011721095070242882], "val_mean_squared_error": [0.0013861005427315831, 0.0013422755291685462, 0.0012315785279497504, 0.0011528297327458858, 0.0011341574136167765, 0.0011423793621361256, 0.0011680939933285117, 0.0011243134504184127, 0.0011132174404338002, 0.0011087495367974043, 0.0011120830895379186, 0.001124400063417852, 0.0011251900577917695, 0.0011302492348477244, 0.001135504338890314, 0.0011428602738305926, 0.0011591037036851048, 0.0011607451597228646, 0.0011578284902498126, 0.0011721099726855755], "val_accuracy_landmarks": [0.998103141784668, 0.9981167912483215, 0.9982823729515076, 0.9984166622161865, 0.9984612464904785, 0.9984834790229797, 0.9984775185585022, 0.9985279440879822, 0.9985345602035522, 0.9985647201538086, 0.9985470771789551, 0.9985758066177368, 0.998555064201355, 0.9985566735267639, 0.9985875487327576, 0.9985924959182739, 0.9985567927360535, 0.9985608458518982, 0.9985700249671936, 0.9985537528991699]}