{"loss": [NaN, NaN, NaN, NaN, NaN, NaN, NaN, NaN, NaN, NaN], "categorical_accuracy": [0.16102933883666992, 0.9240673780441284, 0.9240673780441284, 0.9240673780441284, 0.9240673780441284, 0.9240673780441284, 0.9240673780441284, 0.9240673780441284, 0.9240673780441284, 0.9240673780441284], "val_loss": [NaN, NaN, NaN, NaN, NaN, NaN, NaN, NaN, NaN, NaN], "val_categorical_accuracy": [0.9239177107810974, 0.9239177107810974, 0.9239177107810974, 0.9239177107810974, 0.9239177107810974, 0.9239177107810974, 0.9239177107810974, 0.9239177107810974, 0.9239177107810974, 0.9239177107810974]}