{"loss": [0.11535952240228653, 0.08944082260131836, 0.08390834182500839, 0.08056260645389557, 0.07804447412490845, 0.07657916098833084, 0.07497833669185638, 0.07389336079359055, 0.07251165807247162, 0.07167352735996246, 0.07044024020433426, 0.06958963721990585, 0.06856819987297058, 0.06784036755561829, 0.06689204275608063, 0.06596081703901291, 0.06531783938407898, 0.06403088569641113, 0.06310033798217773, 0.062267839908599854, 0.06133602559566498, 0.06043350324034691, 0.05931943655014038, 0.058331094682216644, 0.057525355368852615, 0.056568264961242676], "dice_coefficient": [0.8846399188041687, 0.9105595350265503, 0.916092574596405, 0.9194375276565552, 0.9219554662704468, 0.9234204292297363, 0.9250202178955078, 0.9261061549186707, 0.9274875521659851, 0.9283261895179749, 0.9295608401298523, 0.9304092526435852, 0.9314322471618652, 0.9321602582931519, 0.9331088066101074, 0.9340393543243408, 0.9346821308135986, 0.9359695315361023, 0.9368995428085327, 0.9377333521842957, 0.9386633634567261, 0.939568042755127, 0.9406814575195312, 0.9416686296463013, 0.9424740672111511, 0.9434316754341125], "accuracy": [0.5491341352462769, 0.5513828992843628, 0.5518085956573486, 0.5520621538162231, 0.5522647500038147, 0.5523658990859985, 0.552493155002594, 0.5525796413421631, 0.5526840686798096, 0.5527485609054565, 0.552847146987915, 0.5529143810272217, 0.5529880523681641, 0.5530416965484619, 0.5531119108200073, 0.5531891584396362, 0.5532243251800537, 0.5533267259597778, 0.5533927083015442, 0.5534577369689941, 0.5535211563110352, 0.5535843968391418, 0.553665816783905, 0.5537450313568115, 0.5538015961647034, 0.553875744342804], "val_loss": [0.09803678840398788, 0.08147168904542923, 0.07749952375888824, 0.07600624859333038, 0.07632340490818024, 0.07512693852186203, 0.07603596895933151, 0.07452168315649033, 0.07251597940921783, 0.07327545434236526, 0.07268403470516205, 0.07332093268632889, 0.07288646697998047, 0.07430117577314377, 0.07256978750228882, 0.07231743633747101, 0.07318978011608124, 0.0754522979259491, 0.07407384365797043, 0.07311082631349564, 0.07347633689641953, 0.07258900254964828, 0.07257545739412308, 0.07284586131572723, 0.07580805569887161, 0.07458943873643875], "val_dice_coefficient": [0.9019518494606018, 0.9185177087783813, 0.9224907755851746, 0.9239850044250488, 0.923670768737793, 0.9248660802841187, 0.9239559769630432, 0.9254715442657471, 0.9274762868881226, 0.9267216920852661, 0.9273130893707275, 0.92667555809021, 0.9271109700202942, 0.9256969094276428, 0.9274289011955261, 0.9276742935180664, 0.926803469657898, 0.924543559551239, 0.9259223937988281, 0.9268859624862671, 0.9265175461769104, 0.927405595779419, 0.9274229407310486, 0.9271477460861206, 0.924187421798706, 0.925402820110321], "val_accuracy": [0.9533634781837463, 0.9557173252105713, 0.9562580585479736, 0.9566072821617126, 0.9564192295074463, 0.9566627144813538, 0.9566426277160645, 0.9567974209785461, 0.9569262266159058, 0.9569361805915833, 0.9568881392478943, 0.9568527340888977, 0.9570156335830688, 0.9568682312965393, 0.9570234417915344, 0.9571182727813721, 0.9570304751396179, 0.9567273855209351, 0.9568501114845276, 0.9569541811943054, 0.957025945186615, 0.9569504857063293, 0.9570430517196655, 0.956983208656311, 0.9567254781723022, 0.9569348692893982]}