{"loss": [0.0009216592879965901, 0.0008836685447022319, 0.0008837589411996305, 0.0008697208249941468, 0.0008445288985967636, 0.0008220589370466769, 0.0007966449484229088, 0.0007814121199771762, 0.0007609652820974588, 0.0007349647930823267, 0.000709970248863101], "accuracy_landmarks": [0.9989311099052429, 0.9989925026893616, 0.9989897608757019, 0.999011218547821, 0.9990490674972534, 0.9990828633308411, 0.9991159439086914, 0.9991371631622314, 0.9991651177406311, 0.9991987943649292, 0.9992297887802124], "val_loss": [0.0012168942485004663, 0.0012489567743614316, 0.0012657300103455782, 0.001255059614777565, 0.0012225591344758868, 0.0012761831749230623, 0.001287588500417769, 0.0012724325060844421, 0.0013165350537747145, 0.0013107494451105595, 0.001301158918067813], "val_accuracy_landmarks": [0.9985465407371521, 0.9984881281852722, 0.9985014200210571, 0.9984747171401978, 0.9984661340713501, 0.9984352588653564, 0.9983888268470764, 0.9984009265899658, 0.9983502626419067, 0.9983404874801636, 0.9983339309692383]}