{"loss": [4.952306747436523, 4.928883075714111, 4.9102020263671875, 4.891139030456543, 4.871427536010742, 4.851198673248291, 4.825132369995117, 4.799445152282715, 4.774481296539307], "accuracy": [0.16884975135326385, 0.16697204113006592, 0.16966445744037628, 0.17879359424114227, 0.17750801146030426, 0.1768445521593094, 0.16883805394172668, 0.16296079754829407, 0.16791701316833496], "val_loss": [4.960666179656982, 4.979083061218262, 4.965086936950684, 4.955002307891846, 4.96279764175415, 4.9829630851745605, 4.9977006912231445, 5.015451908111572, 5.033520698547363], "val_accuracy": [0.22081592679023743, 0.12390235811471939, 0.07679665088653564, 0.07741960138082504, 0.09548164904117584, 0.14302128553390503, 0.04988627880811691, 0.11085204035043716, 0.07379128783941269]}