{"loss": [0.0801592469215393, 0.07803322374820709, 0.07643123716115952, 0.07500376552343369, 0.07391907274723053, 0.07264827191829681, 0.07174143940210342, 0.0708291083574295, 0.069826140999794, 0.0688747838139534, 0.06810750812292099, 0.06758979707956314, 0.06664158403873444, 0.06586549431085587, 0.06491277366876602, 0.06399103254079819], "dice_coefficient": [0.91983962059021, 0.9219658374786377, 0.9235695600509644, 0.9249959588050842, 0.9260823130607605, 0.9273529052734375, 0.9282580614089966, 0.9291694164276123, 0.9301738142967224, 0.9311248660087585, 0.9318932890892029, 0.9324107766151428, 0.9333599805831909, 0.934134304523468, 0.9350873231887817, 0.9360090494155884], "accuracy": [0.5521034598350525, 0.5522601008415222, 0.5523872375488281, 0.5524994134902954, 0.5525767803192139, 0.552681028842926, 0.5527501702308655, 0.5528178811073303, 0.5528935194015503, 0.5529608130455017, 0.5530239939689636, 0.553056538105011, 0.5531324744224548, 0.5531917214393616, 0.5532573461532593, 0.5533299446105957], "val_loss": [0.0773821473121643, 0.07531316578388214, 0.07422415912151337, 0.0744028314948082, 0.07411027699708939, 0.07364387810230255, 0.07363933324813843, 0.07303471863269806, 0.0728226900100708, 0.07296989858150482, 0.07261763513088226, 0.07322423905134201, 0.0739622637629509, 0.0735507607460022, 0.07344343513250351, 0.07308231294155121], "val_dice_coefficient": [0.9226093292236328, 0.924679696559906, 0.9257680773735046, 0.9255911111831665, 0.9258835315704346, 0.9263489246368408, 0.9263577461242676, 0.9269601702690125, 0.92717444896698, 0.9270226359367371, 0.9273729920387268, 0.9267672896385193, 0.9260293841362, 0.9264391660690308, 0.9265475869178772, 0.9269102811813354], "val_accuracy": [0.9563332796096802, 0.956497848033905, 0.9566668272018433, 0.9566276669502258, 0.956708550453186, 0.9568049311637878, 0.9567118883132935, 0.9569280743598938, 0.9569772481918335, 0.956885576248169, 0.9569462537765503, 0.9568713903427124, 0.9568638801574707, 0.9569805264472961, 0.956972599029541, 0.9569286108016968]}