{"loss": [0.03267086669802666, 0.03367317467927933, 0.035842761397361755, 0.037624865770339966, 0.03674348443746567, 0.03566409647464752, 0.036582089960575104, 0.03741966560482979, 0.038269005715847015, 0.03884178027510643, 0.03972189128398895], "categorical_accuracy": [0.024385899305343628, 0.033247217535972595, 0.10535722970962524, 0.07954990118741989, 0.03217891603708267, 0.01777770183980465, 0.01751134730875492, 0.017667531967163086, 0.017633507028222084, 0.01734272390604019, 0.018027620390057564], "accuracy_landmarks": [0.9984896779060364, 0.9984799027442932, 0.9983218312263489, 0.9968206286430359, 0.9958757162094116, 0.9946374297142029, 0.9929975867271423, 0.9923374652862549, 0.9918286204338074, 0.991409420967102, 0.990764319896698], "val_loss": [0.03233690559864044, 0.0356818251311779, 0.03581047058105469, 0.03817613050341606, 0.035590481013059616, 0.03453391045331955, 0.03873076289892197, 0.04113240912556648, 0.03943435847759247, 0.03754732757806778, 0.040705420076847076], "val_categorical_accuracy": [0.017421597614884377, 0.07631102949380875, 0.037430886179208755, 0.03201284632086754, 0.04106443375349045, 0.015923870727419853, 0.017258038744330406, 0.016322622075676918, 0.016371803358197212, 0.01670641452074051, 0.019869795069098473], "val_accuracy_landmarks": [0.9985621571540833, 0.9983470439910889, 0.9967676997184753, 0.9847992062568665, 0.9890117049217224, 0.994173526763916, 0.9921452403068542, 0.9926453828811646, 0.9920734167098999, 0.9925286173820496, 0.9927517771720886]}