{"loss": [0.12118066102266312, 0.08593916147947311, 0.08094319701194763, 0.07827281206846237, 0.07666918635368347, 0.07629825174808502, 0.07357042282819748, 0.07371538132429123, 0.07160255312919617, 0.07063216716051102, 0.07024392485618591, 0.0687408447265625, 0.06777209788560867, 0.06705177575349808, 0.0668412521481514, 0.06483408063650131, 0.06330520659685135, 0.062449026852846146, 0.06113021820783615, 0.05994991958141327, 0.05948720872402191, 0.057808324694633484, 0.05687684565782547, 0.055501461029052734, 0.05456676334142685, 0.05406506359577179, 0.052697472274303436, 0.05207475274801254, 0.0509643591940403], "dice_coefficient": [0.878783643245697, 0.9140353798866272, 0.9190298914909363, 0.9217000007629395, 0.9233059287071228, 0.9236804246902466, 0.9264070391654968, 0.9262614250183105, 0.9283843040466309, 0.9293501377105713, 0.9297469854354858, 0.9312530755996704, 0.9322203397750854, 0.9329361915588379, 0.9331499934196472, 0.9351629614830017, 0.9366905689239502, 0.9375482201576233, 0.9388660788536072, 0.9400506615638733, 0.940506637096405, 0.9421872496604919, 0.9431192278862, 0.9444885849952698, 0.9454255700111389, 0.9459302425384521, 0.947297990322113, 0.9479230046272278, 0.949034571647644], "accuracy": [0.9499015808105469, 0.9550579190254211, 0.9557884335517883, 0.956181526184082, 0.9564180374145508, 0.9564626216888428, 0.9568850994110107, 0.9568297266960144, 0.9571744799613953, 0.9573239684104919, 0.9573777914047241, 0.957610011100769, 0.9577537178993225, 0.9578554630279541, 0.9578863382339478, 0.9581781625747681, 0.9584102034568787, 0.9585303664207458, 0.9587235450744629, 0.9588941335678101, 0.9589521884918213, 0.9592025279998779, 0.9593460559844971, 0.9595444798469543, 0.9596840143203735, 0.959751546382904, 0.9599448442459106, 0.960038959980011, 0.9602081179618835], "val_loss": [0.08938469737768173, 0.08294332772493362, 0.07942034304141998, 0.08055311441421509, 0.07644440978765488, 0.07563173770904541, 0.07704328000545502, 0.07692597806453705, 0.074836865067482, 0.07611386477947235, 0.0742247998714447, 0.07444319874048233, 0.07345221936702728, 0.07570488005876541, 0.07378759980201721, 0.07380415499210358, 0.0779237151145935, 0.07495780289173126, 0.07301166653633118, 0.07596442103385925, 0.07468860596418381, 0.07671787589788437, 0.07819964736700058, 0.07779080420732498, 0.07700897753238678, 0.0753038302063942, 0.07683822512626648, 0.07706574350595474, 0.07815638184547424], "val_dice_coefficient": [0.9106165766716003, 0.9170516133308411, 0.920572817325592, 0.919441819190979, 0.9235495924949646, 0.9243583679199219, 0.9229491949081421, 0.9230661988258362, 0.925155758857727, 0.9238809943199158, 0.9257705211639404, 0.9255521893501282, 0.9265425801277161, 0.9242905378341675, 0.9262064099311829, 0.9261879324913025, 0.9220677018165588, 0.9250345230102539, 0.9269828796386719, 0.9240304827690125, 0.9253084063529968, 0.923273503780365, 0.9217973947525024, 0.9222071170806885, 0.9229862093925476, 0.9246960878372192, 0.9231662154197693, 0.922930896282196, 0.9218453168869019], "val_accuracy": [0.9542672038078308, 0.9553993940353394, 0.9560108780860901, 0.9559029340744019, 0.956554651260376, 0.9566988945007324, 0.9562184810638428, 0.9565913677215576, 0.9568262696266174, 0.9565972089767456, 0.9569148421287537, 0.9568301439285278, 0.9569962620735168, 0.956559956073761, 0.9569283723831177, 0.9569441080093384, 0.9565162658691406, 0.956716001033783, 0.9569512605667114, 0.9565887451171875, 0.9567828178405762, 0.9566454887390137, 0.956488847732544, 0.9562692046165466, 0.9563835859298706, 0.9565664529800415, 0.9564703702926636, 0.9564613103866577, 0.9561357498168945]}