{"loss": [0.11655811220407486, 0.08680849522352219, 0.08253007382154465, 0.07932070642709732, 0.07738367468118668, 0.07562907040119171, 0.0748291164636612, 0.07333821058273315, 0.0728299468755722, 0.07144301384687424, 0.07065252959728241, 0.06983702629804611, 0.06889165937900543, 0.0680963322520256, 0.06693830341100693, 0.06606735289096832, 0.0655825138092041, 0.06407901644706726, 0.0631301999092102, 0.06201696768403053, 0.060830000787973404, 0.05983173847198486, 0.05866711214184761, 0.05782463029026985, 0.05671846494078636], "dice_coefficient": [0.8834422826766968, 0.9131912589073181, 0.9174702167510986, 0.9206783771514893, 0.9226155877113342, 0.9243716597557068, 0.9251702427864075, 0.9266631007194519, 0.9271706342697144, 0.9285568594932556, 0.9293463826179504, 0.9301632046699524, 0.9311075210571289, 0.9319032430648804, 0.9330615401268005, 0.9339326620101929, 0.9344168901443481, 0.9359205961227417, 0.9368691444396973, 0.9379843473434448, 0.9391703009605408, 0.9401680827140808, 0.9413328766822815, 0.9421747326850891, 0.9432814121246338], "accuracy": [0.9506158828735352, 0.9548938870429993, 0.9555403590202332, 0.9560255408287048, 0.9563126564025879, 0.9565877914428711, 0.9566991329193115, 0.9569334983825684, 0.9570021629333496, 0.9572224617004395, 0.9573281407356262, 0.9574612975120544, 0.9576120972633362, 0.9577237963676453, 0.9579029083251953, 0.9580273628234863, 0.958102822303772, 0.9583209156990051, 0.958458423614502, 0.9586217403411865, 0.9587974548339844, 0.9589415192604065, 0.9591066241264343, 0.9592310190200806, 0.9593885540962219], "val_loss": [0.10542788356542587, 0.08983755856752396, 0.09028276056051254, 0.07939321547746658, 0.08565153926610947, 0.08197443932294846, 0.0785171240568161, 0.07931913435459137, 0.07602594792842865, 0.07534408569335938, 0.07526005059480667, 0.07300782948732376, 0.07732950150966644, 0.0744413360953331, 0.07259436696767807, 0.07364856451749802, 0.07356084138154984, 0.07326646149158478, 0.07367715239524841, 0.07491179555654526, 0.0739084854722023, 0.07437384128570557, 0.07466219365596771, 0.07482672482728958, 0.07437187433242798], "val_dice_coefficient": [0.8945579528808594, 0.9101599454879761, 0.9097147583961487, 0.9205975532531738, 0.9143400192260742, 0.9180176258087158, 0.9214749336242676, 0.9206729531288147, 0.9239673614501953, 0.92464679479599, 0.92473304271698, 0.9269866943359375, 0.9226618409156799, 0.9255518913269043, 0.9273998141288757, 0.9263461828231812, 0.9264318943023682, 0.9267264604568481, 0.9263160824775696, 0.9250869154930115, 0.9260875582695007, 0.9256235361099243, 0.9253371357917786, 0.925168514251709, 0.9256252646446228], "val_accuracy": [0.9518016576766968, 0.9546629786491394, 0.9545929431915283, 0.9560749530792236, 0.9551405906677246, 0.955786406993866, 0.9563233852386475, 0.9561655521392822, 0.9564216136932373, 0.9567126631736755, 0.956576406955719, 0.9569882154464722, 0.9565948247909546, 0.9567179679870605, 0.9569835662841797, 0.9569602608680725, 0.9567977786064148, 0.9568636417388916, 0.9568179249763489, 0.9565803408622742, 0.9568695425987244, 0.956771194934845, 0.9567800760269165, 0.9567281603813171, 0.9567225575447083]}