{"loss": [0.003960177302360535, 0.0013411636464297771, 0.001220600912347436, 0.0011446867138147354, 0.001121406676247716, 0.0011073378846049309, 0.001096669235266745, 0.0010881653288379312, 0.001079109380953014, 0.001082356902770698, 0.0010603410191833973, 0.001053142943419516, 0.0010425616055727005, 0.0010341006563976407, 0.0010181607212871313, 0.0010037377942353487, 0.0009919562144204974, 0.0009737108484841883, 0.0009542242041788995], "accuracy": [0.16746969521045685, 0.15007862448692322, 0.17316551506519318, 0.18000958859920502, 0.17881685495376587, 0.16093923151493073, 0.14450141787528992, 0.1342800259590149, 0.13131852447986603, 0.15591400861740112, 0.18202851712703705, 0.16061225533485413, 0.1482689082622528, 0.14587780833244324, 0.14255985617637634, 0.14377787709236145, 0.14062683284282684, 0.14657989144325256, 0.1382194608449936], "val_loss": [0.0013563667889684439, 0.0013240667758509517, 0.0011701482580974698, 0.001133374054916203, 0.0011254388373345137, 0.0011153329396620393, 0.0011097152018919587, 0.001114619430154562, 0.0011063622077926993, 0.0011064514983445406, 0.0015820403350517154, 0.0011112180072814226, 0.00111432746052742, 0.0011276784352958202, 0.0011559049598872662, 0.0011529176263138652, 0.0011517115635797381, 0.0011786045506596565, 0.0012610896956175566], "val_accuracy": [0.10680044442415237, 0.1534195840358734, 0.09078142791986465, 0.21364270150661469, 0.1099095270037651, 0.2620238959789276, 0.06306236982345581, 0.0990946963429451, 0.09896019101142883, 0.04478145390748978, 0.8141303062438965, 0.045897215604782104, 0.056570786982774734, 0.04334541782736778, 0.05303395912051201, 0.04233269765973091, 0.05810347944498062, 0.051207348704338074, 0.04608594998717308]}